userName,score,at,Ulasan,Sentimen
Rolandes Tri Putra Simanjuntak,5,2023-09-25 10:58:54,Bagus bisa liat oshi,1
Nafisah Nuraini,2,2023-09-25 10:22:24,"Kenapa gk bisa login padahal udh sesuai petunjuk, password nya bnr tpi mlh salah sih gmn ğŸ‘½",-1
Zinedine,1,2023-09-25 7:16:03,"Jaringan lancar bisa buat streaming YT, eh masuk apk ini malah jaringan error, gajelas",-1
Jason Frans,5,2023-09-24 14:38:57,"Apknya bagus,bisa liat cwe"" cantik",1
kaisar romawi tenggara,5,2023-09-23 13:37:55,saya suka sr apalagi michie nya pas lagi sr,1
Mahira Septi,5,2023-09-21 13:55:30,"Bagus, saya jadi bisa nonton pacar sayağŸ¥°",1
Ikhfi Danuri,5,2023-09-21 8:52:56,Seru bgt bisa nonton oshi lagi srğŸ˜†,1
Fakhri Djuanda,4,2023-09-19 18:00:54,"Mantap sih, tapi kadang notif nya telat ğŸ˜”",1
Majid Abdul,4,2023-09-19 14:58:19,"kenapa setiap aku mau masuk sr selalu gak muncul gambar/video aidol/member JKT48 nya, malah disuruh rilod kembali sama apk nya tapi pas udah rilod kembali masih ajah tetap gak muncul gambar/vide aidol nya, padah sinyal internet di tempat saya bagus saya tapi kenapa selalu disuruh rilod kembali, mohon di perbaiki kembali ya apk nya.",-1
Bambang Saputra Syam,1,2023-09-19 14:58:06,Aplikasinya erorr gua kasih bintang satuğŸ™‚,-1
Ricky Ade Bima.,1,2023-09-19 14:44:03,"Gbs di pake bang, ini ngapa sr gua cuma layar nya item udh gua uninstall ttp gbs",-1
Yadi Permana,1,2023-09-19 14:42:55,Benerin dong min supaya ga eror pake wifi ah elah,-1
pande agung,1,2023-09-19 14:35:10,Nonton idol siapun showroomnya selalu loading,-1
ALFIA ZAFA,5,2023-09-19 14:11:31,Gw tebak yg download ini cmn buat nonton sr oshi ny,0
Ashar Romadhon,5,2023-09-19 10:50:33,sebuah aplikasi yang bisa mengenal idolnya lebih dekat dengan para fansnya,1
rafly alazhar,4,2023-09-18 10:00:35,"gatauuu mau ngomong apa, yang pasti baguslah aplikasinya hehe",1
Habibi New,4,2023-09-18 7:59:04,Kenapa akun saya hilang ini gimana padahal udh di top up in,-1
Arma Satria Gufta,1,2023-09-17 22:53:02,Kembalikan lagi sih bintang gratisnya,-1
Dava Arzl,5,2023-09-17 15:26:07,udah sangat bagus sih bisa gak sih itu notif sama tulisan dalam aplikasi nya di ganti jadi bahasa indonesia aja terus notif nya di tampilkan di atas,1
zhafa Munandar,5,2023-09-17 15:04:22,Aplikasi nya bagus cuman kurang bahasa Indonesia ğŸ™,1
Aimar Goim,1,2023-09-17 14:57:27,Udah ada akun dan kata sandi udah bener tapi gak tau kenapa ditulis salah SHOWROOM SEKARANG GJ @&$_$+(,-1
Gabriel Piero,5,2023-09-17 14:44:51,Aplikasi nya bagus dan berfungsi dengan baik,1
Orang Aneh,5,2023-09-17 12:44:43,Apknya bagus kurangnya cuma 1 pas buka srnya michie chatan gw gk dibalasğŸ—¿,1
Rosi Awan,5,2023-09-17 12:13:04,Seru bgt krna bisa nonton live member jeketi,1
Rasya Bintang,5,2023-09-17 11:03:11,Sambil nunggu si nurdana sr kita kasih lima bintang,1
arif fatur ramadhan,5,2023-09-17 10:30:58,Kok gua gabisa update ya tidak dapat menginstal,-1
Dandy Permana,5,2023-09-17 10:08:13,bagus aja buat nonton ayangğŸ˜,1
Aisyah Putri,5,2023-09-17 10:05:12,Aplikasi nya bagus untuk nonton sr,1
Farid Syahputra18,1,2023-09-17 9:12:09,Saya udah update malah update lagi,-1
Aswar Aswar,5,2023-09-15 15:08:26,Sangat memuaskan,1
Galang Ramadhan,5,2023-09-15 14:54:42,Keren banget apk nya,1
Siti Nurjanah,5,2023-09-15 13:54:01,Aplikasinya menarik dan sangat bagus saya sukağŸ¥°ğŸ‘Œ,1
rakha Al Buchori,5,2023-09-14 12:40:32,Buatkan global version seperti pembayaran memakai uang dari masing2 negara dan bahasa didalam aplikasi juga dari masing2 negara jadi tidak kebingungan dengan bahasa jepang,0
Lilik Kumrotin,1,2023-09-14 12:38:14,"Asyuh cok i, minta perbarui giliran di perbarui gak bisa di buka.",-1
Rendi Roy Risyando,5,2023-09-14 12:32:24,setelah update nambah gacorr,1
Arga Arian7,5,2023-09-14 8:49:13,Bagus tapi kalo bisa lebih cepet lagi ngirim notif yang live suka gak ada notif,1
Destian Zaky padilah,4,2023-09-14 2:02:46,Bintang gratis nya jangan diilangin lahh,-1
Siti nurul inka Yati,3,2023-09-13 15:20:43,"Awalnya baik""sajah ko inih usah di buka",-1
Rizky Aditya,5,2023-09-13 14:09:03,Bagus min Tapi usahain live nya grafik lumayan hd,1
MISBAH HUL MUNIR,5,2023-09-13 6:07:18,"Aku gk tau mau bilangnya gimana dan mulai darimana, pokoknya ini aplikasi sangat-sangat terbaik. Mungkin gara-gara bisa nonton Gita :v. Thank you very much",1
Indah 0407,1,2023-09-11 15:16:43,Tidak bsa di update/dowload lagi...,-1
Rafly Muhammad,5,2023-09-11 15:07:21,Ga ada minus ada sih cuma satu kalo pake wfi gabisa hrs pke dta,1
Zamm Za,5,2023-09-11 15:04:45,"gara"" apk ini gw tiap hari liat bidadari jkt",1
Makhluk 2K86,1,2023-09-11 15:04:34,Bintang 1 karna oshi gw jarang sr:(,0
Mad Zhaa,5,2023-09-11 15:03:02,"Aku sangat suka sama ini aplikasi, bisa buat nonton sr oshi klen Jan lupa download ya",1
Jonathan Putra Prakosa (Joput),1,2023-09-11 14:42:12,"Tolong diubah kembali fitur lama, ini sangat kapitalis.",-1
Muhammad Raihan,3,2023-09-11 14:27:50,tidak muncul notifikasinya kalo ada member showroom dll,-1
David 28,1,2023-09-11 14:24:34,aplikasi sampah masa gak bisa pakai wifi,-1
Pajira Lubis,5,2023-09-11 14:19:03,Mantab bos quu apk nyağŸ˜,1
Okta Shyalendra Putra,4,2023-09-11 14:10:24,Bagus bisa liat freya saat live,1
Akun Game,5,2023-09-11 10:58:02,Aku jadii bisa liat oshi aku yee,1
Fino Badi'lah Ramadhan,3,2023-09-11 8:00:30,Ga bisa login padahal udah pake semua cara Mohon di perbaiki,-1
Rifky Bayu Prayoga,2,2023-09-11 2:55:24,"Dulu bisa login,sekarang mau login gabisa,gimana si ni apk,pake facebook gabisa pake twitter juga gabisa,hadeh",-1
Mhd Reza Saputra,1,2023-09-10 22:22:25,Knp ga bisa login fb ni Giman login Twitter jg gak bisa aneh,-1
Sanjaya Aja,5,2023-09-10 14:52:30,"Sangat membantu min makasih, untuk menemani live member JKT48",1
Defri Malik1,1,2023-09-10 13:42:45,Kagak bsa login,-1
Rido Riandi,1,2023-09-10 10:55:17,Gadak bagusnya malah bahasa China semua,-1
Ilham Kurrniawannn,4,2023-09-09 13:12:50,Kenapa saya tidak bisa log in menggunakan facebook / X. Tolong kasih saran atau beritahu saya cara nya,-1
EfrocyRdl,1,2023-09-09 12:08:43,Masa ga bisa masuk akun fb,-1
Aidil Fitriana,1,2023-09-09 11:58:10,Cara login nya gimana sih aku coba gak bisa login tolong jelas kan,-1
Romadhon Romadhon,1,2023-09-09 8:11:40,Gak bisa masuk error mulu gak bisa log in gk jelas,-1
Khawenks Stones,5,2023-09-08 12:33:08,Apk nya bagus untuk para wota wota jkt48...... Tapi mohon yang pake kartu Tri di bisain cara mengechat para member jkt48,1
dev tirz,2,2023-09-07 7:54:41,tolong untuk developer di fix untuk login Facebook always gagal terus,-1
Muhammad Rasyid,5,2023-09-05 12:01:33,Tolong aku ngk ngerti cara nya masukin sandi nya,-1
Ripz Tijiii,3,2023-09-04 0:27:47,"Min, cuma ngasih saran aja, apk nya tolong dikasih vitur kick penonton/saran lain , soalnya kasian kalo member lagi sr, penontonnya malah nanyain member lain",0
Devdan Widiasmara,5,2023-09-02 6:32:50,aku suka nonton oshi ku di apk iniğŸ˜ğŸ˜,1
19_Khesya Zara Aprilia,2,2023-09-02 0:44:38,Ga bisa login padahal udah dicoba berulang-ulang,-1
Ar Fn,5,2023-08-30 3:37:55,biasanya waktu membuka aplikasi showroom bisa menggunakan wifi. tapi sekarang aplikasi showroom tidak bisa dibuka menggunakan wifi. saya harus menggunakan data seluler untuk membuka showroom,-1
Rivall.,2,2023-08-27 12:42:15,"Gabisa login sama sign up padahal udah ada instruksi lanjutkan pas dibuka di fb tapi pas di showroom nya belum kedaftar akunnya mohon diperbaiki lagi apk nya karena kasus ini bukan yang pertama kali tapi sudah berkali kali,ini masalahnya gabisa login dan sign up padahal di fb sudah tertaut akunnya tapi di showroom gaada akunnya",-1
Adelova Agustine,5,2023-08-25 1:11:53,Berkat aplikasi ini gwh bisa liat oshi gw ğŸ˜,1
Muhammad Maulana Rizqi,5,2023-08-22 13:38:01,Sedang menunggu fitur full screen,0
Shaqilla Putri,5,2023-08-21 15:29:48,Saran saya mending kalo bisa di munculin lah notif nya soalnya saya ke tinggalan trus sr oshi ku,0
FeroGans Gans,5,2023-08-21 10:46:44,Showroom lah yg menemani Dan membuat Hidup lebih berwarna,1
Fauzil Azim,5,2023-08-20 8:56:34,Lumayan walaupun GK bisa komen,1
Buambang Buambang,1,2023-08-20 4:04:44,Bintang satu aja sudah untung apk taik kayak yg bikin ga bisa di kuka ga niat bikin apk yang bikin sini ku patahkan lehernya ga niat bikin apk ga bisa di buka masa Nick name 20/30,-1
Muhammad Opick,3,2023-08-17 14:59:53,"Saya kasih bintang tiga dulu,karena gak bisa di gedein layar nya,tolong lah bikin bisa di gedein supaya lebih seru nonton nya",-1
Farel Usman,5,2023-08-17 7:08:21,Keren semua Minusnya cuma satu ga bisa di besarin layarnya saat menonton live atau bisa di bilang fokus ke layar dan karakter nya ga ngalangin ğŸ‘ŒğŸ‘Œ,0
Ahmad Firza Nurrahman,3,2023-08-15 21:55:38,ga pernah ada muncul notifnya padahal udah disetting...,-1
Raymond Fernando Pangkal Pinang,5,2023-08-14 14:42:29,"Aplikasinya bagus banget masih aman tanpa kendala sejauh ini ğŸ˜„, walaupun begitu terus tingkatkan lagi ya min",1
Aditya Adit,4,2023-08-12 10:28:03,"Bagus, tapi lebih bagus lagi kalau ada fitur bahasa Indonesia",1
Reza,1,2023-08-10 8:19:27,tolong dong diperbaiki apk nya karena tidak bisa login sama sekali,-1
Odi Nuryahya,1,2023-08-09 12:23:20,Gimana si wifi lancar masuk showroom malah your internet connection and try again,-1
M Andi,2,2023-08-09 3:03:06,Gue cuma mau bilang kalo ada yg sr kok gak ada ya notif yg masuk padahal aku udah follow membernya gimana itu tolong di perbaikin dong notifikasinya itu aja,-1
Raden ziga,5,2023-08-06 19:05:33,Gua donlot ini karena cuma mau lihat dek Freya JKT48,1
Whyy N,1,2023-08-06 15:49:14,Verifikasi g ad masukÂ² kntl,-1
SAMUEL RIVALDO PANJAITAN,5,2023-08-05 16:40:22,Apk nya bagusÂ² aja nggak ada bug atau lag kalo di akuu,1
Billsky,3,2023-08-05 10:46:04,"Sebenernya aplikasi ini udah bagus. Cuman mau kasih saran aja. Kalau ada orang yang mau kasih gift, kasih space buat orang tersebut bisa menuliskan sebuah pesan untuk idolnya. Agar idol tersebut juga bisa membaca pesan yang disampaikan dari sang pemberi gift. Terimakasih ğŸ™",0
Muh Aprians,5,2023-08-04 8:44:14,Saya kasih bintang 5. Saya senang karena bisa lihat idol saya Freya nashifa jayawardana JKT48. Kalo freya sudah tidak live showroom lagi terpaksa saya unistal apknya..,1
Dimas Andika,1,2023-08-02 12:29:03,Apk thololl verivikasi gagal terus,-1
Dwi Dwii,4,2023-08-02 9:02:44,Kadang suka nglag kalo lagi nonton tuh,-1
Pasti Doruli,5,2023-08-01 12:19:20,Bagus sih tapi notifikasi kadang gak keliatan,1
Muhammad Firdaus,4,2023-07-30 14:41:45,karena saya suka jkt,1
Lalang Danadyaksa,5,2023-07-29 10:48:27,Aplikasinya bagus bisa liat member JKT48,1
Ahmad Baihaqi,5,2023-07-27 12:24:07,Menyenangkan...mudah di gunakan..konsepnya keren,1
M.Andrean Minoko,4,2023-07-27 10:19:48,"FYI kalau kalian pakai kartu 3, verifikasi kemungkinan bakal gagal. Jd di sarankan pakai provider yg lain",0
D.I.T organizer (Out Bound sukabumi),5,2023-07-26 13:26:28,Wow Wow Sangat bagu sekali,1
David Pogalan,5,2023-07-26 11:51:41,Saya suka dengan aplikasinya,1
Kyaru Ky,4,2023-07-25 14:22:24,Terimakasih menghadirkan amplikasi ini,1
28. Rahadhino Nugra P.S,5,2023-07-25 7:50:34,"Terimakasih developer, karena aplikasi ini saya bisa melihat live oshi ku",1
"Ripal ,",1,2023-07-24 15:48:10,Cuih sistem login nya ampas banget udah coba beberapa kali lewat twitter sama fb mental semua pas udah mau bisa tiba tiba sinyalnya dianggep jelek padahal dipake ke apk lain normal normal aja cuih sistem login ampass paling ampas dibanding apk lain sistem login nya,-1
Pandan Medan,5,2023-07-24 12:36:35,Aplikasih ini sangat bagus cocok buat orang gabut,1
Reval,5,2023-07-24 9:54:04,Nggak terlalu paham bahasa jepang jadinya bingung,-1
Sari kasari,1,2023-07-24 6:24:38,"Masa verifikasi no malah gabisa, pengen komen di sr JKT48",-1
Muhammad Hamdah,2,2023-07-24 4:37:04,"Tolong benarkan sistem verifikasi supaya bisa komen dengan leluasa tanpa verifikasi error,yang benar saja dong ni aplikasi",-1
Macan Exe,2,2023-07-24 2:58:30,"Kenapa notif showroomnya tifak keluar, padahal udh dinyalain notifnya",-1
Agung Laksono,1,2023-07-24 2:52:16,Ga bisa di buka apl nya,-1
RENO KRISNA,1,2023-07-23 12:50:47,Aplikasi yang bagus saya suka,1
Verda ClarestaS,5,2023-07-23 12:03:21,Bagus banget coma aku GK tau cara ganti bahasa ke bahasa Indonesia,1
Teguh Susilo,2,2023-07-23 11:07:34,"Agak kecewa karena gabisa coment, katanya harus verifikasi ke sms tapi malah di verifikasi malah gabisa",-1
Kristian Anugrah,5,2023-07-23 6:51:17,Sudah sangat baguss,1
Faissaeganteng 2329G,1,2023-07-22 9:47:37,"Dah lah, gw mau komen aja di per sulit, kek mana lah kartu gw yg normal aja g bisa. Pengen bet komen cuma gara gara verivikasi SMS yg kek ğŸ¶ jadi kecewa",-1
Andra,1,2023-07-22 9:37:22,Nomer gua cuman 11 digit mau verif ga bisaÂ²aneh banget. EH INGAT YA GA SEMUA ORANG NOMER HP NYA 12 DIGIT,-1
Marvel Vanat,5,2023-07-22 6:50:26,Bagus karna ohsi ku masih ada ci shani,1
Wanzzy Wanzzy,5,2023-07-22 5:30:54,Aplikasi sudah bagus tolong bahasa dalam aplikasi tambahkan berbahasa Indonesia agar pengguna aplikasi ini lebih mudah memakai aplikasi ini,1
Suman Natanael Sinaga,5,2023-07-21 9:52:31,Aplikasi ini sangat bermanfaat,1
Louis Daffa,5,2023-07-20 23:04:47,Keren asik juga,1
Anwar Mudzaki,5,2023-07-20 7:29:56,Aplikasi bagus sekalk saya sangat Suka saya bisa Menonton live Memjkt/,1
Mohamad Syafiq,5,2023-07-20 4:42:15,aplikasi membantu untuk mengetahui tentang semua perkembangan sangat ğŸ‘,1
Naufal Satria,2,2023-07-20 4:37:08,Min tolong agar bisa verifikasi nomer kartu Tri ya min semoga cepat di proses ya min untuk kartu Tri agar bisa verivikasi,0
Arga Adinata,3,2023-07-19 15:00:09,"Min saya mau tanya kenapa code buat verify nya lama dapet nya, dari kemaren saya nunggu ga ada di SMS",0
Siti Nurfarida,3,2023-07-19 14:07:42,knp seh padahal udah ikutin arahan lo masih gk keluar verifikasi nya di benerin lagi lah,-1
M. Dwiki Rahmadi,3,2023-07-19 13:49:16,Tolong tambahkan bahasa indonesia nya yaaa..,0
Irdan Mgl,5,2023-07-19 12:32:54,Aplikasinya baguss terlebih saya suka nonton showroomnya michiiy,1
Enrico Nugroho,4,2023-07-17 21:21:45,"Secara fungsional bagus, namun sayang tidak ada bahasa indonesia",1
Feza Zakarya,1,2023-07-17 16:34:26,"Untuk verifikasi SMS kenapa susah sekali, mohon segera di perbaiki",-1
Rachmania Dayu,5,2023-07-17 9:48:19,Semoga ada dalam bahasa Indonesia nya ğŸ™,1
15.Muhammad Nurus Said,5,2023-07-16 23:40:16,"Halo, semoga dibaca, yang gk bisa verif akun,biar verif caranya kalian harus login menggunakan nomer kartu SELAIN nomer kartu TRI (tidak bisa pake np kartu 3)",0
ERICK,5,2023-07-16 21:13:31,Aplikasi ini keren,1
Satria Saputra,4,2023-07-16 15:51:47,"Udah bagus kok, cuman masalahnya kalo pake wifi malah gabisa harus pake data. Tolong dibenerin lagi",-1
Muhammad Ali Reza,1,2023-07-16 15:46:29,Tidak dapat verifikasi nomor telepon,-1
Razzaq,5,2023-07-16 5:06:45,Bg kok di gw ga muncul notif ya bg?,-1
Kata Luki,5,2023-07-15 14:52:25,Karena asik dan juga bisa berintaraksi dengan oshi sendiri walaupun lewat hp wkwkwkwk,1
kurniawan jr,1,2023-07-15 2:48:33,Kecewa sih soalnya pas saya mau log in itu kan di suruh masukin ID Shoowroom padahal ID nya udah sesuai dengan yang di berikan tutorial tapi gak bisa gagal terus dan juga bahasa nya susah untuk di mengerti tolong bisa di rubah lagi dan di tambahkan fitur bahasa Indonesia nya terima kasih,-1
Muhammad Ayyasy,5,2023-07-14 11:59:27,Bagus karena ada jeketi,1
Mon Moona,5,2023-07-14 8:46:09,"Apk ini sangat bagus,saya saya sangat terbantu karena apk ini,karena apk ini saya dapat melihat showroom dari member JKT48,Terimakasih",1
Irham Anis,5,2023-07-14 5:11:40,Kukasii bintang 5 tapi ko ga ada notif ya? Padahal udah di follow,-1
Lutfi Andra,1,2023-07-14 4:08:49,Kok g bisa login nih tolong lah gw mau nnyon ini,-1
center arva64,1,2023-07-13 17:34:57,Udah download tapi setiap sign up gak bisa terus dan kalo bisa tambahin fitur pilihan bahasanya biar gampang ngertinya,-1
khulaifi gaming,5,2023-07-13 16:13:15,Apk bagus mines nya grafik aja sih,1
Nuno SN,5,2023-07-13 15:38:01,Hd banget buat ngeliat showroom,1
Alwesid,3,2023-07-13 13:54:53,"Min kok di saya bug koneksi ya? Jadi stuck di tulisan reconnect, pdhl wifi saya lncar",-1
Dimas Naufal Fauzan,5,2023-07-13 10:44:28,Terimakasih berkat showroom aku bisa melihat bidadari,1
Kevin Adnan (Kevin Adnan),5,2023-07-13 3:23:16,"Tolong tambahkan bahasa indonesia, apakah anda tidak menyadari bahwa fans indonesia sangat banyak? Tolong sediakan bahasa indonesia, terimakasih.",0
Dika Fhauzy,3,2023-07-12 17:26:04,ngapa notip nya jadi kaga muncul sih dongoo,-1
muhammad nasyid,2,2023-07-12 17:12:20,"Kenapa suka tidak muncul notif, bikin kesel aja",-1
Muhammad Sholeh,1,2023-07-12 15:25:39,"Ini knph!? Setiap ganti rom orang lain, selalu keluar sendiri.",-1
Achmad Hadji Zamzamy Murthy,5,2023-07-12 15:09:00,Pokoknya ada oshiku dah cukup dah tu,1
Fahri Dwi Saputra,5,2023-07-12 13:55:59,"Apknya keren,aku bisa liat oshi ku ngomong:)",1
Hafiz. fajriawan,4,2023-07-12 12:23:04,Sangat cocok dan bagus,1
Oppo Sekadau,5,2023-07-12 9:44:19,Bagus pake banget,1
Surya Dharma ali,2,2023-07-11 17:55:08,Ko ga bisa registrasi nomer si? Pdhl udh bener semua dari kode kata sama nomer tetep aja keulangÂ²,-1
Reifan Julianto (Rey Aja),5,2023-07-11 17:32:14,Bagus bett lah akhirnya saya bisa nonton live nya member jkt48,1
KlinikAini Aini,5,2023-07-11 6:18:17,Bagus setiap saya buka member JKT48 pasti ada yang live.soalnya saya jarang juga buka hp jadinya setiap buka hp ada yang sr,1
Irsyad Maula,2,2023-07-11 2:28:00,Sangat kecewa pas mau buat showroom id kan di situ tertulis 6-30 huruf saya baru menulis 3/5 huruf ga bisa,-1
AHDE PRT,3,2023-07-10 8:14:38,Tidak ad notif saat member showroom Padahal dah follow,-1
aufa ns,3,2023-07-10 7:53:54,showroom kadang notif nya ga muncul,-1
Afkar Oktaviano,5,2023-07-09 14:40:07,Makasih showroom karna kamu aku bisa lihat oshikuuu thanks,1
Akun Utama,1,2023-07-09 14:20:28,"Saat mengisi verifikasi selalu ""Failed to issue SMS verification code."" mohon segera dibetulkan",-1
7D_Wildan Fuadi Tampan,1,2023-07-09 14:00:49,layar hitam loding terus sampe jenggotan,-1
Novallino Sabrian,5,2023-07-08 8:57:23,Bagus untuk menonton streaming,1
Zidan Muhammad,1,2023-07-07 15:05:16,Kenapa tidak bisa login padahal sudah sesuai emel,-1
Wildan Septa,1,2023-07-07 12:47:03,Kok gk bisa login padahal jaringan juga lancar apakah butuh wifi nasa untuk login?,-1
Azriel Radhika pamungkas,5,2023-07-06 20:57:27,Untuk vidio showroom dan suaranya lancar,1
m.naufal yusfa fata,2,2023-07-06 12:02:08,min bikin lah buat ganti bahasa nya,0
RIZKI Abdillah,5,2023-07-06 3:39:54,Bagus tapi g ad notif dari jkt48,1
Fariz Saya,5,2023-07-06 2:00:45,"Aplikasi ini sangat bagus karena gw suka isi cewekÂ² jjt48,ğŸ˜ğŸ˜",1
Bian,1,2023-07-05 8:45:37,knp pake wifi suka gabisa padahal apk lain lancar aja,-1
Diyan Ayu fahira,4,2023-07-05 2:52:50,4 dulu deh soalnya aku ga bisa verifikasi no hp padahal aku udh bener ko ngisinya tp tetep aja ga bisa udh aku coba berulang kali sampe ganti account,0
Silfi Lutfi,5,2023-07-04 15:03:54,"Sumpah ni apk keren banget, enak banget nonton sr member jkt48 di apk ini gratis lagi tapi kalo mau nonton langsung dari jktnya harus bayar, tapi gpp enak buat nonton member apalagi bisa dapet gratis bintang cuman nonton paling cuman nyampe 5menit dapet 10 bintang, pokoknya keren banget lah ni apk mantep.",1
fernando,5,2023-07-04 9:15:32,Keren dan bagus,1
Aditya Prayoga,5,2023-07-04 4:41:01,Kenapa ga muncul notif sr padahal sudah menambahkan favorit pada member,-1
Dendri Pria Sejati,4,2023-07-03 19:50:00,ga ada notipnya padahal udh follow,-1
Zaki Al-Majid,5,2023-07-03 15:16:54,Karena aku bisa melihat oshi ku shorum,1
Ananda Muhammad,5,2023-07-03 14:19:48,Aplikasi nya bagus mantap cocok kalo pengen liat live,1
Michael Aaron,3,2023-07-03 11:29:46,Verifikasi SMS gagal terus padahal sudah bener,-1
Dudung Dodong,1,2023-07-02 16:39:44,Kenapa saya donlowd dan tidak bisa login semua sudah benar dan tidak bisa login tolong jelaskan,-1
M Wahyu Wahyu,4,2023-06-30 0:36:17,Segera perbaikan notifikasi nya ya min kadang muncul kadang engga,-1
Badrul Opet,1,2023-06-29 16:47:51,"Gajelas, padahal udh follow tapi ga ada notif",-1
revina apriliani,5,2023-06-29 10:03:05,Sangat puas dan membuat aku untuk bisa sr nya JKT48 ğŸ˜ŠğŸ˜,1
Nero Jaya,5,2023-06-26 8:12:34,Siap yang disini download cuma buat nonton showroom nya jkt48,1
Nicko Cell,5,2023-06-24 23:20:56,Suka banget sama aplikasi nya bisa nonton showroom oshi,1
Arjuna b,5,2023-06-24 0:36:46,Aku suka showroomm karena disana oshi ku dia (Marsha JKT48) showroom disana. Showroom ilove you so muchh - Aldi Taher,1
Pra Mita,3,2023-06-23 2:35:49,Bagus si apk nya tapi login nya agak susah tllong perbaiki bug nya dan penggunaan data pas lagi show rom di kuranhi,0
Nanta,1,2023-06-21 10:02:01,ga bisa pakai wifi,-1
Indah Fadillah,1,2023-06-21 9:16:37,"Saya g bisa daftar akun ataupun login, padahal saya mau nonton showroom marsha jeketi 48. Tolong dong segera fi betulkan masuknya sangat sulit. Jujur saya kecewa karena saya g bisa masuk dan ketinggalan live oshi saya.",-1
Aldi Yansyah,2,2023-06-21 6:00:31,Kecewa saya karena verifikasi kode nya gagal terus padahal udh pake kartu tri sama smartfren tapi tetep gagal tolong dong,-1
theycallmeal faiq,5,2023-06-20 9:22:06,"Kalo anda wota wajib punya aplikasi ini, jangan ragu buat download!",1
muh dzaki,5,2023-06-18 15:37:42,tolong tambahkan bahasa indonesia dong developer ğŸ™ğŸ¼,0
Sobirin User,1,2023-06-18 14:20:08,Gak bisa login pakai FB pakai Twitter gak bisa masuk coba perbaiki lagi dong sr nya,-1
Serpin Saputra,4,2023-06-15 14:44:18,Saya kasih bintang 4 dulu dan tolong di tambahin bahasanya agar lebih mudah di mengerti dan di pahami,1
Udin ese,5,2023-06-15 14:32:49,Sering banget kalo ada yang live itu ga ada notifikasi jadi tolong lah ya,-1
M. Hamzah Adi Pratama,1,2023-06-15 12:55:32,Kenapa bug gabisa masukin code buat biar bisa komen ğŸ˜“,-1
Niel Alri,5,2023-06-15 3:26:43,Sejauh ini aplikasinya keren banget,1
06 Muhammad Siswan,3,2023-06-14 11:30:44,"Kenapa akun saya tibaÂ² ke logout,Pas mau login lagi ga bisa?",-1
Saputra Dewa,2,2023-06-12 11:11:11,"Aku nonton YouTube kualitas 1080p60 lancar, waktu pakai showroom malah katanya ada masalah di internet",-1
Mohamad Hanijar Purnama,5,2023-06-12 10:03:39,Saya kasih bintang 5 karena idol saya suka showroom yaitu jkt48,1
Evan Sandreas,1,2023-06-11 13:39:07,"Gua kasih bintang 1 ğŸ˜¡,,,,karna gua ga bisa komen di sr oshi ğŸ˜¡,& gua ga dapet no verif Nya woi ğŸ˜¡ gua udh ikutin cara tapi tetap aja ga dapet no verif ktl!!!!!!!!",-1
84 Ruslandi,5,2023-06-09 11:35:26,tolong sediakan bahasa Indonesia atau Inggris,0
Xzen Trosh,5,2023-06-08 11:55:58,"Saya kasih bintang dua dulu karena saat saya pertama pakai showroom aman aman saja tapi kok sekarang kalau buka room, layar item loading terus , padahal jaringan bagus buat aplikasi lain",-1
Argyadav (Gyada:v),3,2023-06-03 13:43:11,"Kasih bintang e dulu karena kadang suka gak ada notif, tolong perbaiki ya devğŸ™ğŸ½",-1
Luniko Jama_ 2229,5,2023-06-01 16:36:09,"Bagus mint... Cuma notifnya kadang ada, kadang gak ada",1
Rizal Hulalq,5,2023-05-31 14:27:36,"Suka bngt sebagai orang yang bru ingin mngenal dunia idol gw suka ni apk krn bnyak idol"" yang ge suka live di sini",1
Ryann,2,2023-05-30 15:02:48,"Min kenapa kagak bisa comen si harus login dulu tapi kode SMS-nya kagak di kasih"" mmk",-1
Lalu Haryadi Putra,2,2023-05-30 14:57:45,Sangat kecewa karena verifikasi gagal terus padahal sudah sesuai tutorial yang diberikan. Tolong perbaiki bug verifikasi ini. Saya menjadi tidak bisa berinteraksi menggunakan kolom komentar,-1
Ferdi Adi,5,2023-05-30 14:44:35,Siapa bilang ga bagus... Setidaknya ak jadi sering liat Freya tanpa telat. Dia juga suka bilang kok di story Ig kalo mau live sr,1
rudy xiao,3,2023-05-30 14:32:52,Aku mau lihat oshi ku live tapi gak bisa layarnya loding terus tapi Internet ku bagus apa karna aku di jerman makanya gak bisa atau ke mana ka,0
Khoirul Anwar,3,2023-05-30 14:28:01,"kenapa saya gabisa komen, terus di suruh verifikasi no hp malah gabisa"" mulu ğŸ˜¡",-1
HENDRA N.M,1,2023-05-30 11:42:16,Kok gak bisa login ya padahal udh sign up trus kok akunnya gk ada malah disuruh sign up lagi gmn sih yng bikin bot bngt,-1
ALDY FF,1,2023-05-30 10:13:47,"Ini knapa si tiba"" Very code smsnya ga muncul muncul",-1
Palimo Bayua,5,2023-05-30 9:47:59,jangan sering bug min tolong di update lagi yg gg,-1
Ydu Exi,5,2023-05-30 9:26:59,Gara gara apk ini gw bisa melihat nikmat yg luar biasa,1
RIFVA GMR,5,2023-05-30 8:11:15,Showroom premium dengan pembayaran google play kalau bisa,0
Nur Syaqira,5,2023-05-30 7:27:43,Bagus bgt aplikasi nya bisa nonton showroom freya tercintaaa,1
Thomas Ari Wibowo,5,2023-05-29 19:19:24,Maybe tambahlah pilihan bahasa di aplikasi biar mudah dimengerti. Thanks,0
zahra tsta,1,2023-05-28 15:34:26,Verify sms nya error terus tolong dong di perbaiki lagi kalo gini saya jadi ga bisa komen di srğŸ˜¼,-1
Rizki Pr,3,2023-05-27 14:07:58,"Gblk verif gk kelar"" padahal bener no tlpn ama kodenye",-1
Har_,4,2023-05-23 3:12:37,"Mohon notifnya di benerin, kadang dapet kadang nggak",-1
Andromeda,3,2023-05-22 23:24:33,"Kenapa gabisa pake Twitter login nya, tolong kembalikan login via Twitter",0
arkaan daarus chanel,4,2023-05-21 13:05:52,Semoga bisa update ada bahasa Inggris ato indo ya,0
Jak Daniel coys,5,2023-05-19 10:57:38,Tingkatkan kalo bisa permudahkan pembayaran buat nonton theater jkt48... Biar jangan cuma bisa visa dan mastercard aja,1
M Raka Widananta,3,2023-05-18 16:21:56,Verifikasi sms ga ke kirim,-1
Fahmi Ezix,3,2023-05-17 23:18:36,Terakhir ini gak ada notif masuk padahal lg live sampai ku coba instal ulang,-1
AR Gaming,5,2023-05-14 14:29:27,Ngk perlu kata kata lagi the best pokoknyağŸ”¥,1
Achmad Firman Saputra,3,2023-05-13 18:02:01,Gambar kadang tersendat namun suara tetap berjalan dan akhir-akhir ini tidak mendapat notifikasi jika ada Livestream.,-1
muhammad faiz,5,2023-05-10 7:13:16,Cuma mau liat Freya tapi gg sih apk nya,1
ãƒŠãƒ“ãƒ« Nabill,3,2023-05-05 15:43:51,udah bagus2 eh gabisa dibuka pdhl buka aplikasi lain lancar. wkwk kocwk,-1
hendra gunawan,5,2023-05-01 2:40:16,Download apk ini cuma buat liat freya doang ğŸ™‹ğŸ™‹ğŸ™‹,1
Varel abas Varel,5,2023-04-30 14:44:45,Aplikasi nya bagus Aku mau liat freyaaaaaaaaaaa,1
Rangga Susanto,4,2023-04-29 17:19:43,"Bagus, cuma harus ditingkatkan lagi agar lebih HD",1
Alsha Channel,4,2023-04-29 16:16:12,Apk nya bagus tpi tolong tambah kan bahasa indonesia,1
Luthfi Fatiha,5,2023-04-29 11:03:50,"Saya suka aplikasi ini, karena aplikasi ini saya bisa melihat oshi saya live streaming",1
Calon Kades,5,2023-04-29 10:29:14,Good . Jadi bisa interaksi langsung sama member jeketoy,1
A Raymses,2,2023-04-29 9:48:05,Notifikasi gak ada?? Banyak Bug agak lelet.,-1
Muhammad Kahfi,5,2023-04-29 7:20:25,Saran tambahin bahasa Indonesia,0
Achmad fawwaaz fevanda adhine alfarish,4,2023-04-29 5:35:37,iyaa sangat baik apk nya,1
Rizky Fauzi,5,2023-04-29 1:40:24,aplikasi ini sangat menyenangkan,1
Sheva Bintang,3,2023-04-26 3:34:36,"overal bagus cuma notifnya g pernah muncul,klo bisa next update di perbaiki lagi",1
Abi Arkhan,4,2023-04-25 23:43:36,"Aplikasi nya bagus, tapi tolong ditambahkan untuk bahasa Indonesia nya",1
Gunani Gunani,4,2023-04-24 16:26:04,"Keren,tp kurang bahasa indo",1
Audy Pratama,5,2023-04-24 14:55:05,Mantap karena ada JKT48 nya hehehe,1
Hafiz Fahrezi,4,2023-04-24 10:15:46,"Tolong tambah bahasanya, Indonesia gitu",0
Ilham Promax,1,2023-04-21 19:56:59,Saya daftarnya gagal terus,-1
Glenn marchel,5,2023-04-18 11:29:10,Keren sih apk nya,1
Heni Susilawati,5,2023-04-14 10:13:34,aplikasi nya bagus banget aku jadi bisa liat oshi,1
Muhammad Zakwanadi Hidayatni,1,2023-04-09 17:12:15,"Gak bisa Log in pake FB, padahal awal2 masih bisa log in FB, (gak ada peningkatan)",-1
Muhammad Haikal Fabian,2,2023-03-14 11:05:11,"Tolong dong notifikasi nya di perbaiki lagi, dan update pakai bahasa Indonesia",-1
CHUNTER TECH,4,2023-03-09 4:27:39,"Platform streaming terbaik, hanya saja kurang bahasa indonesia padahal app ini adalah publish global",1
HAFI Phantomnya Jesslyn,2,2022-12-21 10:09:02,"jaringan lancar, tapi network error teruss gatau lagi harus gimana padahal baru aja dapet ava favorit yg ada nama oshi aku",-1
nadia wendri,2,2022-11-24 23:50:18,Gak bsa d update padahal jaringan bagus dan showroom nya gak bsa d buka aneh,-1
Romi Aulia putra,5,2022-11-03 9:34:05,Sangat bagus sekali dan menghibur.tolong juga apk ini pakai bahasa indonesia,1
Rantonius Haloho,3,2022-10-28 12:29:23,"apk nya bagus, tp klo lebih bagus ditambahin fitur FULL SCREEN kadang g enak nonton tapi ditutupin give yg gede gede",1
Dian Fitriyana,3,2022-10-24 15:11:09,"habis upgrade kok mlh ga bsa dibuka lagi, eror trs",-1
bayu nugroho,4,2022-10-14 13:16:07,"Sebenarnya aplikasi ini bagus,buat mendekatkan fans dengan artis mereka,tapi karena hampir semua menggunakan bahasa jepang,jadi ga tau yang live ini siapa saja,tidak ada setting untuk menerjemahkan ke dalam bahasa inggris.",0
Agus Prayitno,1,2022-09-02 8:01:09,Showroom ID susah di buat. Gagal terus. Jadinya gak bisa sign up. Uninstal,-1
Adhityo Nur,4,2022-08-10 12:59:18,"Masih bingung kenapa gada notif, kalo ada solusi tolong kasih tau, kalo dah fix ku ganti jadi bintang 5 ğŸ˜",0
R,5,2022-07-18 6:18:00,"Awalnya coba coba, setelah diwaro jadi ketagihan. Terimakasih showroom.",1
zooon taaa,4,2022-07-17 6:53:09,"Bagus tp syg gak kyk ig, yg jaringan kurang bagus pun msh lumayan lancar nonton live,,",0
agus zhalfa febrian,5,2022-07-09 2:57:57,"Bagus aplikasinya, namun sayangnya tidak ada pengaturan bahasa indonesia",1
Bagas Riyansyah,3,2022-04-21 9:56:00,"Kadang eror gak muncul gambar dan suara, bahasanya juga gak ada pilihan",-1
Sandy,5,2022-04-03 11:28:30,"Bagus appnya bisa liat idol fav live, kekurangan cuman bahasa doang sih setengahnya masih jepang gak full inggris",1
Anisah Nabilah Harsandy,5,2022-03-16 15:07:29,"Aplikasinya bagus, tapi agak sedikit kesulitan dalam bahasanya",1
Kelvin Sarwono,5,2022-03-16 13:27:35,Aplikasi nya bagus banget. Klu yg ndk tau cara daftarin akunya coba buat akun twiter dlu lalu daftar showroom nya pake twiter. Semoga membantu ğŸ‘ğŸ‘,1
Fibri Lumiu,1,2022-03-16 3:06:30,Bagaimna. Bb b. cara. Menganti. bahasa. korea. ganti. bahasa. indonesia. saya. tidak. tau apa. kah. anda. bisa. kasi. tau. saya,0
Amel Nanami,5,2022-02-05 15:46:10,"Cukup lumayan bagus, apk ini bisa melepas rasa rindu ku kepada oshii kesayangan ku ""Abe Nanami - Last Idol""",1
Alviana Santos,5,2022-01-05 22:52:59,Bagus tapi sedikit kesulitan untuk bahasa,1
Anggia Oktaviani,5,2022-01-01 14:28:56,"Aplikasinya bagus, dan keren, termasuk fasilitasnya!",1
Aswar Muhammad,5,2021-12-27 14:44:42,"Terima kasih atas aplikasi nya bisa berkomunikasi dengan Idola kota JKT48 , terus ditingkatkan lagi apk xğŸ‘ŒğŸ‘ŒğŸ‘ŒğŸ‘ŒğŸ‘ŒğŸ‘ğŸ‘ğŸ‘",1
Rael,5,2021-12-25 14:21:50,"Fiony cantik, Fiony lucu, Fiony gemas. Tapi Ashel juga cakep, gimana dong?",0
Riza,3,2021-11-18 2:42:15,"Saya sangat kesal dengan aplikasi ini karena tidak menyediakan fitur matikan pemutaran otomatis, aplikasi ini masih memutar video tanpa henti dan bukan berasal dari orang yg saya ikuti",-1
Yogi Prayogi,5,2021-10-20 1:35:32,Nih aplikasi seru juga bisa ketemu idol disini terutama dari jkt48 dan top upnya juga murah murah. Kalo ketemu idol dari jepang ngga ngerti bahasanya wkwkwk,1
Hermanus undi undi,3,2021-10-13 19:11:35,tingkat kan lagi kualitas aplikasinya supaya banyak penggemarnya..,1
Louis Sirait,3,2021-09-02 11:13:39,"Saya pikir, showroom berupa sebuah gedung tempat jual beli mobil & motor. Ternyata, ada lagi showroom yg ini. Saya baru tau. Saya kasih bintang 3 dulu. Kalo beneran bagus, baru saya kasih tambahan bintang lagi",0
Jelita C. Stibies,5,2021-07-29 2:47:14,"App nya udah bagus Tapi kalo bisa ditambahin bahasa Indonesia juga. Bahasa Inggris aja saya msih patah"" apa lagi Bahasa Jepang ğŸ˜‚ğŸ˜‚",1
with niara,5,2021-07-21 2:48:16,"Dari sini aku bisa mendapatkan waro, dan tahu kepribadian idolaku offcamnya seperti apa. Ternyata masih bobrok, kocak, dan kadang serius ğŸ¤£. Setidaknya masih bisa menjadi fans yang berguna, dengan menyumbang bintang bintang.",0
Rizky Arief,5,2021-07-09 13:27:59,Terimakasih karna saya bisa lihat oshi dan membeli coin dengan mudah,1
Aryaputra Raihan w,5,2021-07-08 21:46:28,Bagus cuma kalau bisa tambahkan bahasa indonesia nya dong,1
Haqqi Rockas13,5,2021-07-04 8:36:13,"Bagus, tp seharusnya ada pilihan bahasa.",1
tya pradistyaa,5,2021-07-04 3:44:32,"baguss pol, download ini cmn mau liat member jkt48 hehe tapi ga ngerti bahasanya jd harusnya ada bahasa indonesia nya ngab",1
noginogian 2121,3,2021-05-21 8:27:36,Kalo bisa pas kita ngetik bahasa indo di kolom komentar udh bisa mendeteksi bahasa jepangnya biar si Idol yg baca komennya juga paham apa yg kita tulis begitu,0
monica stefani geraldin,5,2021-05-13 12:49:50,Wajib download nih kita bisa mngenal member ga hanya JKT 48 tpi member AKB48 group smbil blajar bahasa jepang otodidak dan jadi lbih tau info setlis terbarunya,1
Alvin Candra,5,2021-05-12 15:13:15,"Mhank, bisa gift spesialnya bisa ditambahkan monyet dan pegasus ga ? Terus filter aliennya balikin lagi ya. Aku kasih bintang 5 dulu, nanti kalo bisa, tak tambahih bintang",0
Rizky Riyanda,5,2021-05-09 19:15:39,Bagus bisa buat belajar bahasa Jepang dan bisa liat idol yg di Jepang juga,1
Alfian Andhika Putra,5,2021-04-27 11:35:15,"Kenapa kalian harus download showroom? Karena saat kalian download ini apk, kalian bisa melihat dedek dedek gemesh. And than kalian bisa mengeluarkan uang kalian untuk membeli tower PLN sekian makasih...",1
nabilla inggrid,5,2021-04-23 3:45:02,"Terimakasih, aku jadi bisa menonton oshique dan mendapatkan waro dari adzana shaliha. Hehehe, bisa lebih kenal sama member juga karena disini mereka lebih bawel.",1
BILLY REONALDO,5,2021-03-30 1:40:23,Tolong setingan bahasa nya bisa di perbanyak seperti bahasa indonesia atau inggris,0
Firas Alwista,5,2021-03-26 2:23:24,"Sejak aku gabung di ShowRoom, alhamdullilah ketagihan belajar bahasa Jepang dan dapat kenalan asli Jepang, terimakasih sudah menghubungkan komunikasi antar budaya Indonesian - Japan ğŸ‘",1
Nursiam Ramdhani,5,2021-03-06 1:22:34,"This a good aplapplication, tapi tolong banget setting language nya cantumkan bahasa Indonesia.",1
Kontoru,5,2021-02-09 15:24:33,"terima kasih mama sudah mengijinkan aku mendownload aplikasi showroom, mulai sekarang nilai matematika aku akan bagus biar aku bisa top up lagi pakai uang mama, dan terima kasih garena sudah membuat aplikasi ini, dengan adanya aplikasi ini aku jadi semangat untuk belajar matematika agar mama bisa top up untuk aku, sekali lagi terima kasih garena",1
Komang Raditya Gunarsa,5,2021-02-09 11:39:51,"sejauh ini belum menemukan kekurangannya, top lah!",1
Bentos AFAV,5,2021-02-07 15:01:05,"Mantap.... jadi pengganti live IG, dan Idol jadi lebih sering live berkat apk ini.",1
ari burhanudin ramdani,5,2021-01-29 15:06:01,Mantap showroom.. Karena apk ini nama saya bisa disebut member meskipun belum pernah ketemu,1
Fina Rohmah,5,2021-01-25 7:46:17,Makasih banyak berkat apk ini bisa lebih dekat dg oshi. Yeee di waro juga Makasih,1
Oshinya_Shani05,5,2020-12-25 12:02:10,Aplikasinya keren sangat menghibur karna bisa liat live osha oshi thank you showroom,1
Albany Prayoga Santoso,1,2020-11-17 23:41:40,"Mohon atas bantuannya, mengapa di aplikasi ini tidak ada setelan bahasa?, dan juga maaf apakah aplikasi ini hanya mencintai Korea saja?, Itu berarti namanya mau menang sendiri. Mohon maaf atas omongan saya",-1
Wedus Kambing,5,2020-10-17 11:11:17,Mantap sih Btw kalau mau di waro gampang sih. Modal gratisan tapi dibwaro wkwkwkwk Seneng banget pasti. Pokonya nih aplikasi rekomen bgt deh,1
SOFFA AL MARWAH,5,2020-10-04 6:46:05,"perasaan dulu gw udh pernah kasih rating geh tapi gppalah, oke jadi pasti kalian semua udah pasti tau knpa pada dwnld apk ini, ya betul karna ingin melihat oshi tercinta wkwk, apalagi yg oshinya banyak mantep bngt ga tuh hampir tiap hari liat live, btw oshi gw cuma 3 kok tenang aja ga banyak.",1
Archo,5,2020-09-24 3:23:58,Mantap.. Tapi gimana cara beli gift nya.. Ga ngerti bahasa Jepang,1
TERBALIK DUNIA,5,2020-09-21 7:40:24,"Intinya bagus fiturnya juga mantap , dan yqng pasti bisa liat oshi",1
Mahdi Hanif,5,2020-09-18 13:17:39,"Bang, fitur translate ditambahin bang, masih ada konten tersisa yang bahasanya jepang",1
Pengguna Google,5,2018-09-20 7:09:44,good bisa liat my oshi secara langsung di showroom .. bnyk yg nnya knp ga ada org indo? ini apps showroom khusus buat org2 jepang . rata2 dr Idol sama artis jepang,1